"OBJECTID","ID_0","ISO","NAME_0","ID_1","NAME_1","ID_2","NAME_2","TYPE_2","ENGTYPE_2","NL_NAME_2","VARNAME_2"
1,58,"HRV","Croatia",1,"Šibensko-Kninska",1,"Šibenik","City",NA,NA,NA
2,58,"HRV","Croatia",1,"Šibensko-Kninska",2,"Bilice",NA,NA,NA,NA
3,58,"HRV","Croatia",1,"Šibensko-Kninska",3,"Biskupija",NA,NA,NA,NA
4,58,"HRV","Croatia",1,"Šibensko-Kninska",4,"Civljane",NA,NA,NA,NA
5,58,"HRV","Croatia",1,"Šibensko-Kninska",5,"Drniš","Town",NA,NA,NA
6,58,"HRV","Croatia",1,"Šibensko-Kninska",6,"Ervenik",NA,NA,NA,NA
7,58,"HRV","Croatia",1,"Šibensko-Kninska",7,"Kijevo",NA,NA,NA,NA
8,58,"HRV","Croatia",1,"Šibensko-Kninska",8,"Kistanje",NA,NA,NA,NA
9,58,"HRV","Croatia",1,"Šibensko-Kninska",9,"Knin","Town",NA,NA,NA
10,58,"HRV","Croatia",1,"Šibensko-Kninska",10,"Murter",NA,NA,NA,NA
11,58,"HRV","Croatia",1,"Šibensko-Kninska",11,"Pirovac",NA,NA,NA,NA
12,58,"HRV","Croatia",1,"Šibensko-Kninska",12,"Primošten",NA,NA,NA,NA
13,58,"HRV","Croatia",1,"Šibensko-Kninska",13,"Promina",NA,NA,NA,NA
14,58,"HRV","Croatia",1,"Šibensko-Kninska",14,"Rogoznica",NA,NA,NA,NA
15,58,"HRV","Croatia",1,"Šibensko-Kninska",15,"Ružic",NA,NA,NA,NA
16,58,"HRV","Croatia",1,"Šibensko-Kninska",16,"Skradin","Town",NA,NA,NA
17,58,"HRV","Croatia",1,"Šibensko-Kninska",17,"Tisno",NA,NA,NA,NA
18,58,"HRV","Croatia",1,"Šibensko-Kninska",18,"Unešic",NA,NA,NA,NA
19,58,"HRV","Croatia",1,"Šibensko-Kninska",19,"Vodice","Town",NA,NA,NA
20,58,"HRV","Croatia",2,"Bjelovarska-Bilogorska",20,"Šandrovac",NA,NA,NA,NA
21,58,"HRV","Croatia",2,"Bjelovarska-Bilogorska",21,"Štefanje",NA,NA,NA,NA
22,58,"HRV","Croatia",2,"Bjelovarska-Bilogorska",22,"Ðulovac",NA,NA,NA,NA
23,58,"HRV","Croatia",2,"Bjelovarska-Bilogorska",23,"Cazma","Town",NA,NA,NA
24,58,"HRV","Croatia",2,"Bjelovarska-Bilogorska",24,"Berek",NA,NA,NA,NA
25,58,"HRV","Croatia",2,"Bjelovarska-Bilogorska",25,"Bjelovar","Town",NA,NA,NA
26,58,"HRV","Croatia",2,"Bjelovarska-Bilogorska",26,"Daruvar","Town",NA,NA,NA
27,58,"HRV","Croatia",2,"Bjelovarska-Bilogorska",27,"Dežanovac",NA,NA,NA,NA
28,58,"HRV","Croatia",2,"Bjelovarska-Bilogorska",28,"Garešnica","Town",NA,NA,NA
29,58,"HRV","Croatia",2,"Bjelovarska-Bilogorska",29,"Grubišno Polje","Town",NA,NA,NA
30,58,"HRV","Croatia",2,"Bjelovarska-Bilogorska",30,"Hercegovac",NA,NA,NA,NA
31,58,"HRV","Croatia",2,"Bjelovarska-Bilogorska",31,"Ivanska",NA,NA,NA,NA
32,58,"HRV","Croatia",2,"Bjelovarska-Bilogorska",32,"Kapela",NA,NA,NA,NA
33,58,"HRV","Croatia",2,"Bjelovarska-Bilogorska",33,"Koncanica",NA,NA,NA,NA
34,58,"HRV","Croatia",2,"Bjelovarska-Bilogorska",34,"Nova Raca",NA,NA,NA,NA
35,58,"HRV","Croatia",2,"Bjelovarska-Bilogorska",35,"Rovišce",NA,NA,NA,NA
36,58,"HRV","Croatia",2,"Bjelovarska-Bilogorska",36,"Severin",NA,NA,NA,NA
37,58,"HRV","Croatia",2,"Bjelovarska-Bilogorska",37,"Sirac",NA,NA,NA,NA
38,58,"HRV","Croatia",2,"Bjelovarska-Bilogorska",38,"Velika Pisanica",NA,NA,NA,NA
39,58,"HRV","Croatia",2,"Bjelovarska-Bilogorska",39,"Velika Trnovitica",NA,NA,NA,NA
40,58,"HRV","Croatia",2,"Bjelovarska-Bilogorska",40,"Veliki Grdevac",NA,NA,NA,NA
41,58,"HRV","Croatia",2,"Bjelovarska-Bilogorska",41,"Veliko Trojstvo",NA,NA,NA,NA
42,58,"HRV","Croatia",2,"Bjelovarska-Bilogorska",42,"Zrinski Topolovac",NA,NA,NA,NA
43,58,"HRV","Croatia",3,"Brodsko-Posavska",43,"Bebrina",NA,NA,NA,NA
44,58,"HRV","Croatia",3,"Brodsko-Posavska",44,"Brodski Stupnik",NA,NA,NA,NA
45,58,"HRV","Croatia",3,"Brodsko-Posavska",45,"Bukovlje",NA,NA,NA,NA
46,58,"HRV","Croatia",3,"Brodsko-Posavska",46,"Cernik",NA,NA,NA,NA
47,58,"HRV","Croatia",3,"Brodsko-Posavska",47,"Davor",NA,NA,NA,NA
48,58,"HRV","Croatia",3,"Brodsko-Posavska",48,"Donji Andrijevci",NA,NA,NA,NA
49,58,"HRV","Croatia",3,"Brodsko-Posavska",49,"Dragalic",NA,NA,NA,NA
50,58,"HRV","Croatia",3,"Brodsko-Posavska",50,"Garcin",NA,NA,NA,NA
51,58,"HRV","Croatia",3,"Brodsko-Posavska",51,"Gornja Vrba",NA,NA,NA,NA
52,58,"HRV","Croatia",3,"Brodsko-Posavska",52,"Gornji Bogicevci",NA,NA,NA,NA
53,58,"HRV","Croatia",3,"Brodsko-Posavska",53,"Gundinci",NA,NA,NA,NA
54,58,"HRV","Croatia",3,"Brodsko-Posavska",54,"Nova Gradiška","Town",NA,NA,NA
55,58,"HRV","Croatia",3,"Brodsko-Posavska",55,"Nova Kapela",NA,NA,NA,NA
56,58,"HRV","Croatia",3,"Brodsko-Posavska",56,"Okucani",NA,NA,NA,NA
57,58,"HRV","Croatia",3,"Brodsko-Posavska",57,"Oprisavci",NA,NA,NA,NA
58,58,"HRV","Croatia",3,"Brodsko-Posavska",58,"Oriovac",NA,NA,NA,NA
59,58,"HRV","Croatia",3,"Brodsko-Posavska",59,"Podcrkavlje",NA,NA,NA,NA
60,58,"HRV","Croatia",3,"Brodsko-Posavska",60,"Rešetari",NA,NA,NA,NA
61,58,"HRV","Croatia",3,"Brodsko-Posavska",61,"Sibinj",NA,NA,NA,NA
62,58,"HRV","Croatia",3,"Brodsko-Posavska",62,"Sikirevci",NA,NA,NA,NA
63,58,"HRV","Croatia",3,"Brodsko-Posavska",63,"Slavonski Šamac",NA,NA,NA,NA
64,58,"HRV","Croatia",3,"Brodsko-Posavska",64,"Slavonski Brod","City",NA,NA,NA
65,58,"HRV","Croatia",3,"Brodsko-Posavska",65,"Stara Gradiška",NA,NA,NA,NA
66,58,"HRV","Croatia",3,"Brodsko-Posavska",66,"Staro Petrovo Selo",NA,NA,NA,NA
67,58,"HRV","Croatia",3,"Brodsko-Posavska",67,"Unknown_1",NA,NA,NA,NA
68,58,"HRV","Croatia",3,"Brodsko-Posavska",68,"Velika Kopanica",NA,NA,NA,NA
69,58,"HRV","Croatia",3,"Brodsko-Posavska",69,"Vrbje",NA,NA,NA,NA
70,58,"HRV","Croatia",3,"Brodsko-Posavska",70,"Vrpolje",NA,NA,NA,NA
71,58,"HRV","Croatia",4,"Dubrovacko-Neretvanska",71,"Župa Dubrovacka",NA,NA,NA,NA
72,58,"HRV","Croatia",4,"Dubrovacko-Neretvanska",72,"Blato",NA,NA,NA,NA
73,58,"HRV","Croatia",4,"Dubrovacko-Neretvanska",73,"Dubrovacko Primorje",NA,NA,NA,NA
74,58,"HRV","Croatia",4,"Dubrovacko-Neretvanska",74,"Dubrovnik","City",NA,NA,NA
75,58,"HRV","Croatia",4,"Dubrovacko-Neretvanska",75,"Janjina",NA,NA,NA,NA
76,58,"HRV","Croatia",4,"Dubrovacko-Neretvanska",76,"Konavle",NA,NA,NA,NA
77,58,"HRV","Croatia",4,"Dubrovacko-Neretvanska",77,"Korcula","City",NA,NA,NA
78,58,"HRV","Croatia",4,"Dubrovacko-Neretvanska",78,"Kula Norinska",NA,NA,NA,NA
79,58,"HRV","Croatia",4,"Dubrovacko-Neretvanska",79,"Lastovo",NA,NA,NA,NA
80,58,"HRV","Croatia",4,"Dubrovacko-Neretvanska",80,"Lumbarda",NA,NA,NA,NA
81,58,"HRV","Croatia",4,"Dubrovacko-Neretvanska",81,"Metkovic",NA,NA,NA,NA
82,58,"HRV","Croatia",4,"Dubrovacko-Neretvanska",82,"Mljet",NA,NA,NA,NA
83,58,"HRV","Croatia",4,"Dubrovacko-Neretvanska",83,"Opuzen","City",NA,NA,NA
84,58,"HRV","Croatia",4,"Dubrovacko-Neretvanska",84,"Orebic",NA,NA,NA,NA
85,58,"HRV","Croatia",4,"Dubrovacko-Neretvanska",85,"Ploce","City",NA,NA,NA
86,58,"HRV","Croatia",4,"Dubrovacko-Neretvanska",86,"Pojezerje",NA,NA,NA,NA
87,58,"HRV","Croatia",4,"Dubrovacko-Neretvanska",87,"Slivno",NA,NA,NA,NA
88,58,"HRV","Croatia",4,"Dubrovacko-Neretvanska",88,"Smokvica",NA,NA,NA,NA
89,58,"HRV","Croatia",4,"Dubrovacko-Neretvanska",89,"Ston",NA,NA,NA,NA
90,58,"HRV","Croatia",4,"Dubrovacko-Neretvanska",90,"Trpanj",NA,NA,NA,NA
91,58,"HRV","Croatia",4,"Dubrovacko-Neretvanska",91,"Vela Luka",NA,NA,NA,NA
92,58,"HRV","Croatia",4,"Dubrovacko-Neretvanska",92,"Zažablje",NA,NA,NA,NA
93,58,"HRV","Croatia",5,"Grad Zagreb",93,"Bistra",NA,NA,NA,NA
94,58,"HRV","Croatia",5,"Grad Zagreb",94,"Kravarsko",NA,NA,NA,NA
95,58,"HRV","Croatia",5,"Grad Zagreb",95,"Orle",NA,NA,NA,NA
96,58,"HRV","Croatia",5,"Grad Zagreb",96,"Pokupsko",NA,NA,NA,NA
97,58,"HRV","Croatia",5,"Grad Zagreb",97,"Stupnik",NA,NA,NA,NA
98,58,"HRV","Croatia",5,"Grad Zagreb",98,"Velika Gorica","Town",NA,NA,NA
99,58,"HRV","Croatia",5,"Grad Zagreb",99,"Zagreb",NA,NA,NA,NA
100,58,"HRV","Croatia",6,"Istarska",100,"Žminj",NA,NA,NA,NA
101,58,"HRV","Croatia",6,"Istarska",101,"Bale",NA,NA,NA,NA
102,58,"HRV","Croatia",6,"Istarska",102,"Barban",NA,NA,NA,NA
103,58,"HRV","Croatia",6,"Istarska",103,"Brtonigla",NA,NA,NA,NA
104,58,"HRV","Croatia",6,"Istarska",104,"Buje","City",NA,NA,NA
105,58,"HRV","Croatia",6,"Istarska",105,"Buzet","City",NA,NA,NA
106,58,"HRV","Croatia",6,"Istarska",106,"Cerovlje",NA,NA,NA,NA
107,58,"HRV","Croatia",6,"Istarska",107,"Fažana",NA,NA,NA,NA
108,58,"HRV","Croatia",6,"Istarska",108,"Gracišce",NA,NA,NA,NA
109,58,"HRV","Croatia",6,"Istarska",109,"Grožnjan",NA,NA,NA,NA
110,58,"HRV","Croatia",6,"Istarska",110,"Kaštelir-Labinci",NA,NA,NA,NA
111,58,"HRV","Croatia",6,"Istarska",111,"Kanfanar",NA,NA,NA,NA
112,58,"HRV","Croatia",6,"Istarska",112,"Karojba",NA,NA,NA,NA
113,58,"HRV","Croatia",6,"Istarska",113,"Kršan",NA,NA,NA,NA
114,58,"HRV","Croatia",6,"Istarska",114,"Labin","City",NA,NA,NA
115,58,"HRV","Croatia",6,"Istarska",115,"Lanišce",NA,NA,NA,NA
116,58,"HRV","Croatia",6,"Istarska",116,"Ližnjan",NA,NA,NA,NA
117,58,"HRV","Croatia",6,"Istarska",117,"Lupoglav",NA,NA,NA,NA
118,58,"HRV","Croatia",6,"Istarska",118,"Marcana",NA,NA,NA,NA
119,58,"HRV","Croatia",6,"Istarska",119,"Medulin",NA,NA,NA,NA
120,58,"HRV","Croatia",6,"Istarska",120,"Motovun",NA,NA,NA,NA
121,58,"HRV","Croatia",6,"Istarska",121,"Novigrad","City",NA,NA,NA
122,58,"HRV","Croatia",6,"Istarska",122,"Oprtalj",NA,NA,NA,NA
123,58,"HRV","Croatia",6,"Istarska",123,"Pazin","City",NA,NA,NA
124,58,"HRV","Croatia",6,"Istarska",124,"Pican",NA,NA,NA,NA
125,58,"HRV","Croatia",6,"Istarska",125,"Porec","City",NA,NA,NA
126,58,"HRV","Croatia",6,"Istarska",126,"Premantura",NA,NA,NA,NA
127,58,"HRV","Croatia",6,"Istarska",127,"Pula",NA,NA,NA,NA
128,58,"HRV","Croatia",6,"Istarska",128,"Raša",NA,NA,NA,NA
129,58,"HRV","Croatia",6,"Istarska",129,"Rovinj","City",NA,NA,NA
130,58,"HRV","Croatia",6,"Istarska",130,"Sveta Nedelja",NA,NA,NA,NA
131,58,"HRV","Croatia",6,"Istarska",131,"Sveti Lovrec",NA,NA,NA,NA
132,58,"HRV","Croatia",6,"Istarska",132,"Sveti Petar u Šumi",NA,NA,NA,NA
133,58,"HRV","Croatia",6,"Istarska",133,"Svetvincenat",NA,NA,NA,NA
134,58,"HRV","Croatia",6,"Istarska",134,"Tinjan",NA,NA,NA,NA
135,58,"HRV","Croatia",6,"Istarska",135,"Umag","City",NA,NA,NA
136,58,"HRV","Croatia",6,"Istarska",136,"Višnjan",NA,NA,NA,NA
137,58,"HRV","Croatia",6,"Istarska",137,"Vižinada",NA,NA,NA,NA
138,58,"HRV","Croatia",6,"Istarska",138,"Vodnjan","City",NA,NA,NA
139,58,"HRV","Croatia",6,"Istarska",139,"Vrsar",NA,NA,NA,NA
140,58,"HRV","Croatia",7,"Karlovacka",140,"Žakanje",NA,NA,NA,NA
141,58,"HRV","Croatia",7,"Karlovacka",141,"Barilovic",NA,NA,NA,NA
142,58,"HRV","Croatia",7,"Karlovacka",142,"Bosiljevo",NA,NA,NA,NA
143,58,"HRV","Croatia",7,"Karlovacka",143,"Cetingrad",NA,NA,NA,NA
144,58,"HRV","Croatia",7,"Karlovacka",144,"Draganic",NA,NA,NA,NA
145,58,"HRV","Croatia",7,"Karlovacka",145,"Duga Resa","Town",NA,NA,NA
146,58,"HRV","Croatia",7,"Karlovacka",146,"Generalski Stol",NA,NA,NA,NA
147,58,"HRV","Croatia",7,"Karlovacka",147,"Josipdol",NA,NA,NA,NA
148,58,"HRV","Croatia",7,"Karlovacka",148,"Karlovac","City",NA,NA,NA
149,58,"HRV","Croatia",7,"Karlovacka",149,"Krnjak",NA,NA,NA,NA
150,58,"HRV","Croatia",7,"Karlovacka",150,"Lasinja",NA,NA,NA,NA
151,58,"HRV","Croatia",7,"Karlovacka",151,"Netretic",NA,NA,NA,NA
152,58,"HRV","Croatia",7,"Karlovacka",152,"Ogulin","Town",NA,NA,NA
153,58,"HRV","Croatia",7,"Karlovacka",153,"Ozalj","Town",NA,NA,NA
154,58,"HRV","Croatia",7,"Karlovacka",154,"Plaški",NA,NA,NA,NA
155,58,"HRV","Croatia",7,"Karlovacka",155,"Rakovica",NA,NA,NA,NA
156,58,"HRV","Croatia",7,"Karlovacka",156,"Ribnik",NA,NA,NA,NA
157,58,"HRV","Croatia",7,"Karlovacka",157,"Saborsko",NA,NA,NA,NA
158,58,"HRV","Croatia",7,"Karlovacka",158,"Slunj","Town",NA,NA,NA
159,58,"HRV","Croatia",7,"Karlovacka",159,"Tounj",NA,NA,NA,NA
160,58,"HRV","Croatia",7,"Karlovacka",160,"Vojnic",NA,NA,NA,NA
161,58,"HRV","Croatia",8,"Koprivnicko-Križevacka",161,"Ðelekovec",NA,NA,NA,NA
162,58,"HRV","Croatia",8,"Koprivnicko-Križevacka",162,"Ðurdevac","Town",NA,NA,NA
163,58,"HRV","Croatia",8,"Koprivnicko-Križevacka",163,"Drnje",NA,NA,NA,NA
164,58,"HRV","Croatia",8,"Koprivnicko-Križevacka",164,"Ferdinandovac",NA,NA,NA,NA
165,58,"HRV","Croatia",8,"Koprivnicko-Križevacka",165,"Gola",NA,NA,NA,NA
166,58,"HRV","Croatia",8,"Koprivnicko-Križevacka",166,"Gornja Rijeka",NA,NA,NA,NA
167,58,"HRV","Croatia",8,"Koprivnicko-Križevacka",167,"Hlebine",NA,NA,NA,NA
168,58,"HRV","Croatia",8,"Koprivnicko-Križevacka",168,"Kalinovac",NA,NA,NA,NA
169,58,"HRV","Croatia",8,"Koprivnicko-Križevacka",169,"Kalnik",NA,NA,NA,NA
170,58,"HRV","Croatia",8,"Koprivnicko-Križevacka",170,"Kloštar Podravski",NA,NA,NA,NA
171,58,"HRV","Croatia",8,"Koprivnicko-Križevacka",171,"Koprivnicki Bregi",NA,NA,NA,NA
172,58,"HRV","Croatia",8,"Koprivnicko-Križevacka",172,"Koprivnicki Ivanec",NA,NA,NA,NA
173,58,"HRV","Croatia",8,"Koprivnicko-Križevacka",173,"Koprivnica","City",NA,NA,NA
174,58,"HRV","Croatia",8,"Koprivnicko-Križevacka",174,"Križevci","Town",NA,NA,NA
175,58,"HRV","Croatia",8,"Koprivnicko-Križevacka",175,"Legrad",NA,NA,NA,NA
176,58,"HRV","Croatia",8,"Koprivnicko-Križevacka",176,"Molve",NA,NA,NA,NA
177,58,"HRV","Croatia",8,"Koprivnicko-Križevacka",177,"Novigrad Podravski",NA,NA,NA,NA
178,58,"HRV","Croatia",8,"Koprivnicko-Križevacka",178,"Novo Virje",NA,NA,NA,NA
179,58,"HRV","Croatia",8,"Koprivnicko-Križevacka",179,"Peteranec",NA,NA,NA,NA
180,58,"HRV","Croatia",8,"Koprivnicko-Križevacka",180,"Podravske Sesvete",NA,NA,NA,NA
181,58,"HRV","Croatia",8,"Koprivnicko-Križevacka",181,"Rasinja",NA,NA,NA,NA
182,58,"HRV","Croatia",8,"Koprivnicko-Križevacka",182,"Sokolovac",NA,NA,NA,NA
183,58,"HRV","Croatia",8,"Koprivnicko-Križevacka",183,"Sveti Ivan Žabno",NA,NA,NA,NA
184,58,"HRV","Croatia",8,"Koprivnicko-Križevacka",184,"Sveti Petar Orehovec",NA,NA,NA,NA
185,58,"HRV","Croatia",8,"Koprivnicko-Križevacka",185,"Virje",NA,NA,NA,NA
186,58,"HRV","Croatia",9,"Krapinsko-Zagorska",186,"Ðurmanec",NA,NA,NA,NA
187,58,"HRV","Croatia",9,"Krapinsko-Zagorska",187,"Bedekovcina",NA,NA,NA,NA
188,58,"HRV","Croatia",9,"Krapinsko-Zagorska",188,"Budinšcina",NA,NA,NA,NA
189,58,"HRV","Croatia",9,"Krapinsko-Zagorska",189,"Desinic",NA,NA,NA,NA
190,58,"HRV","Croatia",9,"Krapinsko-Zagorska",190,"Donja Stubica","Town",NA,NA,NA
191,58,"HRV","Croatia",9,"Krapinsko-Zagorska",191,"Gornja Stubica","Town",NA,NA,NA
192,58,"HRV","Croatia",9,"Krapinsko-Zagorska",192,"Hrašcina",NA,NA,NA,NA
193,58,"HRV","Croatia",9,"Krapinsko-Zagorska",193,"Hum na Sutli",NA,NA,NA,NA
194,58,"HRV","Croatia",9,"Krapinsko-Zagorska",194,"Jesenje",NA,NA,NA,NA
195,58,"HRV","Croatia",9,"Krapinsko-Zagorska",195,"Klanjec","Town",NA,NA,NA
196,58,"HRV","Croatia",9,"Krapinsko-Zagorska",196,"Konjšcina",NA,NA,NA,NA
197,58,"HRV","Croatia",9,"Krapinsko-Zagorska",197,"Kraljevec na Sutli",NA,NA,NA,NA
198,58,"HRV","Croatia",9,"Krapinsko-Zagorska",198,"Krapina","City",NA,NA,NA
199,58,"HRV","Croatia",9,"Krapinsko-Zagorska",199,"Krapinske Toplice",NA,NA,NA,NA
200,58,"HRV","Croatia",9,"Krapinsko-Zagorska",200,"Kumrovec",NA,NA,NA,NA
201,58,"HRV","Croatia",9,"Krapinsko-Zagorska",201,"Lobor",NA,NA,NA,NA
202,58,"HRV","Croatia",9,"Krapinsko-Zagorska",202,"Mace",NA,NA,NA,NA
203,58,"HRV","Croatia",9,"Krapinsko-Zagorska",203,"Marija Bistrica",NA,NA,NA,NA
204,58,"HRV","Croatia",9,"Krapinsko-Zagorska",204,"Mihovljan",NA,NA,NA,NA
205,58,"HRV","Croatia",9,"Krapinsko-Zagorska",205,"Novi Golubovec",NA,NA,NA,NA
206,58,"HRV","Croatia",9,"Krapinsko-Zagorska",206,"Oroslavje","Town",NA,NA,NA
207,58,"HRV","Croatia",9,"Krapinsko-Zagorska",207,"Petrovsko",NA,NA,NA,NA
208,58,"HRV","Croatia",9,"Krapinsko-Zagorska",208,"Pregrada","Town",NA,NA,NA
209,58,"HRV","Croatia",9,"Krapinsko-Zagorska",209,"Radoboj",NA,NA,NA,NA
210,58,"HRV","Croatia",9,"Krapinsko-Zagorska",210,"Stubicke Toplice",NA,NA,NA,NA
211,58,"HRV","Croatia",9,"Krapinsko-Zagorska",211,"Sveti Križ Zacretje",NA,NA,NA,NA
212,58,"HRV","Croatia",9,"Krapinsko-Zagorska",212,"Tuhelj",NA,NA,NA,NA
213,58,"HRV","Croatia",9,"Krapinsko-Zagorska",213,"Veliko Trgovišce",NA,NA,NA,NA
214,58,"HRV","Croatia",9,"Krapinsko-Zagorska",214,"Zabok",NA,NA,NA,NA
215,58,"HRV","Croatia",9,"Krapinsko-Zagorska",215,"Zagorska Sela",NA,NA,NA,NA
216,58,"HRV","Croatia",9,"Krapinsko-Zagorska",216,"Zlatar Bistrica",NA,NA,NA,NA
217,58,"HRV","Croatia",9,"Krapinsko-Zagorska",217,"Zlatar","Town",NA,NA,NA
218,58,"HRV","Croatia",10,"Licko-Senjska",218,"Brinje",NA,NA,NA,NA
219,58,"HRV","Croatia",10,"Licko-Senjska",219,"Donji Lapac",NA,NA,NA,NA
220,58,"HRV","Croatia",10,"Licko-Senjska",220,"Gospic","Town",NA,NA,NA
221,58,"HRV","Croatia",10,"Licko-Senjska",221,"Karlobag",NA,NA,NA,NA
222,58,"HRV","Croatia",10,"Licko-Senjska",222,"Lovinac",NA,NA,NA,NA
223,58,"HRV","Croatia",10,"Licko-Senjska",223,"Novalja","Town",NA,NA,NA
224,58,"HRV","Croatia",10,"Licko-Senjska",224,"Otocac","Town",NA,NA,NA
225,58,"HRV","Croatia",10,"Licko-Senjska",225,"Perušic",NA,NA,NA,NA
226,58,"HRV","Croatia",10,"Licko-Senjska",226,"Plitvicka Jezera",NA,NA,NA,NA
227,58,"HRV","Croatia",10,"Licko-Senjska",227,"Senj","Town",NA,NA,NA
228,58,"HRV","Croatia",10,"Licko-Senjska",228,"Udbina",NA,NA,NA,NA
229,58,"HRV","Croatia",10,"Licko-Senjska",229,"Vrhovine",NA,NA,NA,NA
230,58,"HRV","Croatia",11,"Medimurska",230,"Šenkovec",NA,NA,NA,NA
231,58,"HRV","Croatia",11,"Medimurska",231,"Štrigova",NA,NA,NA,NA
232,58,"HRV","Croatia",11,"Medimurska",232,"Cakovec","City",NA,NA,NA
233,58,"HRV","Croatia",11,"Medimurska",233,"Belica",NA,NA,NA,NA
234,58,"HRV","Croatia",11,"Medimurska",234,"Dekanovec",NA,NA,NA,NA
235,58,"HRV","Croatia",11,"Medimurska",235,"Domašinec",NA,NA,NA,NA
236,58,"HRV","Croatia",11,"Medimurska",236,"Donja Dubrava",NA,NA,NA,NA
237,58,"HRV","Croatia",11,"Medimurska",237,"Donji Kraljevec",NA,NA,NA,NA
238,58,"HRV","Croatia",11,"Medimurska",238,"Donji Vidovec",NA,NA,NA,NA
239,58,"HRV","Croatia",11,"Medimurska",239,"Gorican",NA,NA,NA,NA
240,58,"HRV","Croatia",11,"Medimurska",240,"Gornji Mihaljevec",NA,NA,NA,NA
241,58,"HRV","Croatia",11,"Medimurska",241,"Kotoriba",NA,NA,NA,NA
242,58,"HRV","Croatia",11,"Medimurska",242,"Mala Subotica",NA,NA,NA,NA
243,58,"HRV","Croatia",11,"Medimurska",243,"Mursko Središce","City",NA,NA,NA
244,58,"HRV","Croatia",11,"Medimurska",244,"Nedelišce",NA,NA,NA,NA
245,58,"HRV","Croatia",11,"Medimurska",245,"Orehovica",NA,NA,NA,NA
246,58,"HRV","Croatia",11,"Medimurska",246,"Podturen",NA,NA,NA,NA
247,58,"HRV","Croatia",11,"Medimurska",247,"Prelog","City",NA,NA,NA
248,58,"HRV","Croatia",11,"Medimurska",248,"Pribislavec",NA,NA,NA,NA
249,58,"HRV","Croatia",11,"Medimurska",249,"Selnica",NA,NA,NA,NA
250,58,"HRV","Croatia",11,"Medimurska",250,"Strahoninec",NA,NA,NA,NA
251,58,"HRV","Croatia",11,"Medimurska",251,"Sveta Marija na Muri",NA,NA,NA,NA
252,58,"HRV","Croatia",11,"Medimurska",252,"Sveti Juraj na Bregu",NA,NA,NA,NA
253,58,"HRV","Croatia",11,"Medimurska",253,"Sveti Martin na Muri",NA,NA,NA,NA
254,58,"HRV","Croatia",11,"Medimurska",254,"Vratišinec",NA,NA,NA,NA
255,58,"HRV","Croatia",12,"Osjecko-Baranjska",255,"Ðakovo","Town ",NA,NA,NA
256,58,"HRV","Croatia",12,"Osjecko-Baranjska",256,"Ðurdenovac",NA,NA,NA,NA
257,58,"HRV","Croatia",12,"Osjecko-Baranjska",257,"Antunovac",NA,NA,NA,NA
258,58,"HRV","Croatia",12,"Osjecko-Baranjska",258,"Ceminac",NA,NA,NA,NA
259,58,"HRV","Croatia",12,"Osjecko-Baranjska",259,"Cepin",NA,NA,NA,NA
260,58,"HRV","Croatia",12,"Osjecko-Baranjska",260,"Beli Manastir","Town ",NA,NA,NA
261,58,"HRV","Croatia",12,"Osjecko-Baranjska",261,"Belišce","Town ",NA,NA,NA
262,58,"HRV","Croatia",12,"Osjecko-Baranjska",262,"Bilje",NA,NA,NA,NA
263,58,"HRV","Croatia",12,"Osjecko-Baranjska",263,"Bizovac",NA,NA,NA,NA
264,58,"HRV","Croatia",12,"Osjecko-Baranjska",264,"Darda",NA,NA,NA,NA
265,58,"HRV","Croatia",12,"Osjecko-Baranjska",265,"Donja Moticina",NA,NA,NA,NA
266,58,"HRV","Croatia",12,"Osjecko-Baranjska",266,"Donji Miholjac","Town ",NA,NA,NA
267,58,"HRV","Croatia",12,"Osjecko-Baranjska",267,"Draž",NA,NA,NA,NA
268,58,"HRV","Croatia",12,"Osjecko-Baranjska",268,"Drenje",NA,NA,NA,NA
269,58,"HRV","Croatia",12,"Osjecko-Baranjska",269,"Erdut",NA,NA,NA,NA
270,58,"HRV","Croatia",12,"Osjecko-Baranjska",270,"Ernestinovo",NA,NA,NA,NA
271,58,"HRV","Croatia",12,"Osjecko-Baranjska",271,"Fericanci",NA,NA,NA,NA
272,58,"HRV","Croatia",12,"Osjecko-Baranjska",272,"Gorjani",NA,NA,NA,NA
273,58,"HRV","Croatia",12,"Osjecko-Baranjska",273,"Jagodnjak",NA,NA,NA,NA
274,58,"HRV","Croatia",12,"Osjecko-Baranjska",274,"Kneževi Vinogradi",NA,NA,NA,NA
275,58,"HRV","Croatia",12,"Osjecko-Baranjska",275,"Koška",NA,NA,NA,NA
276,58,"HRV","Croatia",12,"Osjecko-Baranjska",276,"Levanjska Varoš",NA,NA,NA,NA
277,58,"HRV","Croatia",12,"Osjecko-Baranjska",277,"Magadenovac",NA,NA,NA,NA
278,58,"HRV","Croatia",12,"Osjecko-Baranjska",278,"Marijanci",NA,NA,NA,NA
279,58,"HRV","Croatia",12,"Osjecko-Baranjska",279,"Našice","Town ",NA,NA,NA
280,58,"HRV","Croatia",12,"Osjecko-Baranjska",280,"Osijek","City",NA,NA,NA
281,58,"HRV","Croatia",12,"Osjecko-Baranjska",281,"Osjecko-Baranjska",NA,NA,NA,NA
282,58,"HRV","Croatia",12,"Osjecko-Baranjska",282,"Petlovac",NA,NA,NA,NA
283,58,"HRV","Croatia",12,"Osjecko-Baranjska",283,"Petrijevci",NA,NA,NA,NA
284,58,"HRV","Croatia",12,"Osjecko-Baranjska",284,"Podgorac",NA,NA,NA,NA
285,58,"HRV","Croatia",12,"Osjecko-Baranjska",285,"Podravska Moslavina",NA,NA,NA,NA
286,58,"HRV","Croatia",12,"Osjecko-Baranjska",286,"Popovac",NA,NA,NA,NA
287,58,"HRV","Croatia",12,"Osjecko-Baranjska",287,"Punitovci",NA,NA,NA,NA
288,58,"HRV","Croatia",12,"Osjecko-Baranjska",288,"Satnica Ðakovacka",NA,NA,NA,NA
289,58,"HRV","Croatia",12,"Osjecko-Baranjska",289,"Semeljci",NA,NA,NA,NA
290,58,"HRV","Croatia",12,"Osjecko-Baranjska",290,"Strizivojna",NA,NA,NA,NA
291,58,"HRV","Croatia",12,"Osjecko-Baranjska",291,"Trnava",NA,NA,NA,NA
292,58,"HRV","Croatia",12,"Osjecko-Baranjska",292,"Unknown_1",NA,NA,NA,NA
293,58,"HRV","Croatia",12,"Osjecko-Baranjska",293,"Unknown_2",NA,NA,NA,NA
294,58,"HRV","Croatia",12,"Osjecko-Baranjska",294,"Unknown_3",NA,NA,NA,NA
295,58,"HRV","Croatia",12,"Osjecko-Baranjska",295,"Valpovo","Town ",NA,NA,NA
296,58,"HRV","Croatia",12,"Osjecko-Baranjska",296,"Viškovci",NA,NA,NA,NA
297,58,"HRV","Croatia",12,"Osjecko-Baranjska",297,"Viljevo",NA,NA,NA,NA
298,58,"HRV","Croatia",12,"Osjecko-Baranjska",298,"Vladislavci",NA,NA,NA,NA
299,58,"HRV","Croatia",12,"Osjecko-Baranjska",299,"Vuka",NA,NA,NA,NA
300,58,"HRV","Croatia",13,"Požeško-Slavonska",300,"Caglin",NA,NA,NA,NA
301,58,"HRV","Croatia",13,"Požeško-Slavonska",301,"Brestovac",NA,NA,NA,NA
302,58,"HRV","Croatia",13,"Požeško-Slavonska",302,"Jakšic",NA,NA,NA,NA
303,58,"HRV","Croatia",13,"Požeško-Slavonska",303,"Kaptol",NA,NA,NA,NA
304,58,"HRV","Croatia",13,"Požeško-Slavonska",304,"Kutjevo","City",NA,NA,NA
305,58,"HRV","Croatia",13,"Požeško-Slavonska",305,"Lipik","City",NA,NA,NA
306,58,"HRV","Croatia",13,"Požeško-Slavonska",306,"Pakrac","City",NA,NA,NA
307,58,"HRV","Croatia",13,"Požeško-Slavonska",307,"Pleternica","City",NA,NA,NA
308,58,"HRV","Croatia",13,"Požeško-Slavonska",308,"Požega","City",NA,NA,NA
309,58,"HRV","Croatia",13,"Požeško-Slavonska",309,"Velika",NA,NA,NA,NA
310,58,"HRV","Croatia",14,"Primorsko-Goranska",310,"Cabar","Town",NA,NA,NA
311,58,"HRV","Croatia",14,"Primorsko-Goranska",311,"Cavle",NA,NA,NA,NA
312,58,"HRV","Croatia",14,"Primorsko-Goranska",312,"Baška",NA,NA,NA,NA
313,58,"HRV","Croatia",14,"Primorsko-Goranska",313,"Bakar","Town",NA,NA,NA
314,58,"HRV","Croatia",14,"Primorsko-Goranska",314,"Brod Moravice",NA,NA,NA,NA
315,58,"HRV","Croatia",14,"Primorsko-Goranska",315,"Cres","Town",NA,NA,NA
316,58,"HRV","Croatia",14,"Primorsko-Goranska",316,"Crikvenica","Town",NA,NA,NA
317,58,"HRV","Croatia",14,"Primorsko-Goranska",317,"Delnice","Town",NA,NA,NA
318,58,"HRV","Croatia",14,"Primorsko-Goranska",318,"Dobrinj",NA,NA,NA,NA
319,58,"HRV","Croatia",14,"Primorsko-Goranska",319,"Fužine",NA,NA,NA,NA
320,58,"HRV","Croatia",14,"Primorsko-Goranska",320,"Ilovik",NA,NA,NA,NA
321,58,"HRV","Croatia",14,"Primorsko-Goranska",321,"Jelenje",NA,NA,NA,NA
322,58,"HRV","Croatia",14,"Primorsko-Goranska",322,"Kastav","Town",NA,NA,NA
323,58,"HRV","Croatia",14,"Primorsko-Goranska",323,"Klana",NA,NA,NA,NA
324,58,"HRV","Croatia",14,"Primorsko-Goranska",324,"Kostrena",NA,NA,NA,NA
325,58,"HRV","Croatia",14,"Primorsko-Goranska",325,"Kraljevica","Town",NA,NA,NA
326,58,"HRV","Croatia",14,"Primorsko-Goranska",326,"Krk","Town",NA,NA,NA
327,58,"HRV","Croatia",14,"Primorsko-Goranska",327,"Lokve",NA,NA,NA,NA
328,58,"HRV","Croatia",14,"Primorsko-Goranska",328,"Lopar/Supetarska Draga","Town",NA,NA,NA
329,58,"HRV","Croatia",14,"Primorsko-Goranska",329,"Lopar",NA,NA,NA,NA
330,58,"HRV","Croatia",14,"Primorsko-Goranska",330,"Lovran",NA,NA,NA,NA
331,58,"HRV","Croatia",14,"Primorsko-Goranska",331,"Male Srakane",NA,NA,NA,NA
332,58,"HRV","Croatia",14,"Primorsko-Goranska",332,"Mali Lošinj","Town",NA,NA,NA
333,58,"HRV","Croatia",14,"Primorsko-Goranska",333,"Malinska-Dubašnica",NA,NA,NA,NA
334,58,"HRV","Croatia",14,"Primorsko-Goranska",334,"Matulji",NA,NA,NA,NA
335,58,"HRV","Croatia",14,"Primorsko-Goranska",335,"Mošcenicka Draga",NA,NA,NA,NA
336,58,"HRV","Croatia",14,"Primorsko-Goranska",336,"Mrkopalj",NA,NA,NA,NA
337,58,"HRV","Croatia",14,"Primorsko-Goranska",337,"Njivice",NA,NA,NA,NA
338,58,"HRV","Croatia",14,"Primorsko-Goranska",338,"Novi Vinodolski","Town",NA,NA,NA
339,58,"HRV","Croatia",14,"Primorsko-Goranska",339,"Omišalj",NA,NA,NA,NA
340,58,"HRV","Croatia",14,"Primorsko-Goranska",340,"Opatija/Veprinac","Town",NA,NA,NA
341,58,"HRV","Croatia",14,"Primorsko-Goranska",341,"Punat",NA,NA,NA,NA
342,58,"HRV","Croatia",14,"Primorsko-Goranska",342,"Ravna Gora",NA,NA,NA,NA
343,58,"HRV","Croatia",14,"Primorsko-Goranska",343,"Rijeka","City",NA,NA,NA
344,58,"HRV","Croatia",14,"Primorsko-Goranska",344,"Skrad",NA,NA,NA,NA
345,58,"HRV","Croatia",14,"Primorsko-Goranska",345,"Susak",NA,NA,NA,NA
346,58,"HRV","Croatia",14,"Primorsko-Goranska",346,"Unije",NA,NA,NA,NA
347,58,"HRV","Croatia",14,"Primorsko-Goranska",347,"Vele Srakane",NA,NA,NA,NA
348,58,"HRV","Croatia",14,"Primorsko-Goranska",348,"Viškovo",NA,NA,NA,NA
349,58,"HRV","Croatia",14,"Primorsko-Goranska",349,"Vinodolska",NA,NA,NA,NA
350,58,"HRV","Croatia",14,"Primorsko-Goranska",350,"Vrbnik",NA,NA,NA,NA
351,58,"HRV","Croatia",14,"Primorsko-Goranska",351,"Vrbovsko","Town",NA,NA,NA
352,58,"HRV","Croatia",15,"Sisacko-Moslavacka",352,"Donji Kukuruzari",NA,NA,NA,NA
353,58,"HRV","Croatia",15,"Sisacko-Moslavacka",353,"Dvor",NA,NA,NA,NA
354,58,"HRV","Croatia",15,"Sisacko-Moslavacka",354,"Glina","Town",NA,NA,NA
355,58,"HRV","Croatia",15,"Sisacko-Moslavacka",355,"Gvozd",NA,NA,NA,NA
356,58,"HRV","Croatia",15,"Sisacko-Moslavacka",356,"Hrvatska Dubica",NA,NA,NA,NA
357,58,"HRV","Croatia",15,"Sisacko-Moslavacka",357,"Hrvatska Kostajnica","Town",NA,NA,NA
358,58,"HRV","Croatia",15,"Sisacko-Moslavacka",358,"Jasenovac",NA,NA,NA,NA
359,58,"HRV","Croatia",15,"Sisacko-Moslavacka",359,"Kutina","Town",NA,NA,NA
360,58,"HRV","Croatia",15,"Sisacko-Moslavacka",360,"Lekenik",NA,NA,NA,NA
361,58,"HRV","Croatia",15,"Sisacko-Moslavacka",361,"Lipovljani",NA,NA,NA,NA
362,58,"HRV","Croatia",15,"Sisacko-Moslavacka",362,"Majur",NA,NA,NA,NA
363,58,"HRV","Croatia",15,"Sisacko-Moslavacka",363,"Martinska Ves",NA,NA,NA,NA
364,58,"HRV","Croatia",15,"Sisacko-Moslavacka",364,"Novska","Town",NA,NA,NA
365,58,"HRV","Croatia",15,"Sisacko-Moslavacka",365,"Petrinja","Town",NA,NA,NA
366,58,"HRV","Croatia",15,"Sisacko-Moslavacka",366,"Popovaca",NA,NA,NA,NA
367,58,"HRV","Croatia",15,"Sisacko-Moslavacka",367,"Sisak","City",NA,NA,NA
368,58,"HRV","Croatia",15,"Sisacko-Moslavacka",368,"Sunja",NA,NA,NA,NA
369,58,"HRV","Croatia",15,"Sisacko-Moslavacka",369,"Topusko",NA,NA,NA,NA
370,58,"HRV","Croatia",15,"Sisacko-Moslavacka",370,"Velika Ludina",NA,NA,NA,NA
371,58,"HRV","Croatia",16,"Splitsko-Dalmatinska",371,"Šestanovac",NA,NA,NA,NA
372,58,"HRV","Croatia",16,"Splitsko-Dalmatinska",372,"Šolta",NA,NA,NA,NA
373,58,"HRV","Croatia",16,"Splitsko-Dalmatinska",373,"Baška Voda",NA,NA,NA,NA
374,58,"HRV","Croatia",16,"Splitsko-Dalmatinska",374,"Blaca",NA,NA,NA,NA
375,58,"HRV","Croatia",16,"Splitsko-Dalmatinska",375,"Bol",NA,NA,NA,NA
376,58,"HRV","Croatia",16,"Splitsko-Dalmatinska",376,"Brela",NA,NA,NA,NA
377,58,"HRV","Croatia",16,"Splitsko-Dalmatinska",377,"Cista Provo",NA,NA,NA,NA
378,58,"HRV","Croatia",16,"Splitsko-Dalmatinska",378,"Dicmo",NA,NA,NA,NA
379,58,"HRV","Croatia",16,"Splitsko-Dalmatinska",379,"Dugi Rat",NA,NA,NA,NA
380,58,"HRV","Croatia",16,"Splitsko-Dalmatinska",380,"Dugopolje",NA,NA,NA,NA
381,58,"HRV","Croatia",16,"Splitsko-Dalmatinska",381,"Gradac",NA,NA,NA,NA
382,58,"HRV","Croatia",16,"Splitsko-Dalmatinska",382,"Hrvace",NA,NA,NA,NA
383,58,"HRV","Croatia",16,"Splitsko-Dalmatinska",383,"Hvar","Town",NA,NA,NA
384,58,"HRV","Croatia",16,"Splitsko-Dalmatinska",384,"Imotski","Town",NA,NA,NA
385,58,"HRV","Croatia",16,"Splitsko-Dalmatinska",385,"Jelsa",NA,NA,NA,NA
386,58,"HRV","Croatia",16,"Splitsko-Dalmatinska",386,"Kaštela","Town",NA,NA,NA
387,58,"HRV","Croatia",16,"Splitsko-Dalmatinska",387,"Klis",NA,NA,NA,NA
388,58,"HRV","Croatia",16,"Splitsko-Dalmatinska",388,"Komiža","Town",NA,NA,NA
389,58,"HRV","Croatia",16,"Splitsko-Dalmatinska",389,"Lecevica",NA,NA,NA,NA
390,58,"HRV","Croatia",16,"Splitsko-Dalmatinska",390,"Lokvicici",NA,NA,NA,NA
391,58,"HRV","Croatia",16,"Splitsko-Dalmatinska",391,"Lovrec",NA,NA,NA,NA
392,58,"HRV","Croatia",16,"Splitsko-Dalmatinska",392,"Makarska","Town",NA,NA,NA
393,58,"HRV","Croatia",16,"Splitsko-Dalmatinska",393,"Marina",NA,NA,NA,NA
394,58,"HRV","Croatia",16,"Splitsko-Dalmatinska",394,"Milna",NA,NA,NA,NA
395,58,"HRV","Croatia",16,"Splitsko-Dalmatinska",395,"Muc",NA,NA,NA,NA
396,58,"HRV","Croatia",16,"Splitsko-Dalmatinska",396,"Nerežišca",NA,NA,NA,NA
397,58,"HRV","Croatia",16,"Splitsko-Dalmatinska",397,"Okrug",NA,NA,NA,NA
398,58,"HRV","Croatia",16,"Splitsko-Dalmatinska",398,"Omiš","Town",NA,NA,NA
399,58,"HRV","Croatia",16,"Splitsko-Dalmatinska",399,"Otok",NA,NA,NA,NA
400,58,"HRV","Croatia",16,"Splitsko-Dalmatinska",400,"Podbablje",NA,NA,NA,NA
401,58,"HRV","Croatia",16,"Splitsko-Dalmatinska",401,"Podgora",NA,NA,NA,NA
402,58,"HRV","Croatia",16,"Splitsko-Dalmatinska",402,"Podstrana",NA,NA,NA,NA
403,58,"HRV","Croatia",16,"Splitsko-Dalmatinska",403,"Postira",NA,NA,NA,NA
404,58,"HRV","Croatia",16,"Splitsko-Dalmatinska",404,"Prgomet",NA,NA,NA,NA
405,58,"HRV","Croatia",16,"Splitsko-Dalmatinska",405,"Primorski Dolac",NA,NA,NA,NA
406,58,"HRV","Croatia",16,"Splitsko-Dalmatinska",406,"Proložac",NA,NA,NA,NA
407,58,"HRV","Croatia",16,"Splitsko-Dalmatinska",407,"Pucišca",NA,NA,NA,NA
408,58,"HRV","Croatia",16,"Splitsko-Dalmatinska",408,"Runovici",NA,NA,NA,NA
409,58,"HRV","Croatia",16,"Splitsko-Dalmatinska",409,"Seget",NA,NA,NA,NA
410,58,"HRV","Croatia",16,"Splitsko-Dalmatinska",410,"Selca",NA,NA,NA,NA
411,58,"HRV","Croatia",16,"Splitsko-Dalmatinska",411,"Sinj","Town",NA,NA,NA
412,58,"HRV","Croatia",16,"Splitsko-Dalmatinska",412,"Solin","Town",NA,NA,NA
413,58,"HRV","Croatia",16,"Splitsko-Dalmatinska",413,"Split","City",NA,NA,NA
414,58,"HRV","Croatia",16,"Splitsko-Dalmatinska",414,"Stari Grad","Town",NA,NA,NA
415,58,"HRV","Croatia",16,"Splitsko-Dalmatinska",415,"Sucuraj",NA,NA,NA,NA
416,58,"HRV","Croatia",16,"Splitsko-Dalmatinska",416,"Supetar","Town",NA,NA,NA
417,58,"HRV","Croatia",16,"Splitsko-Dalmatinska",417,"Sutivan",NA,NA,NA,NA
418,58,"HRV","Croatia",16,"Splitsko-Dalmatinska",418,"Trilj",NA,NA,NA,NA
419,58,"HRV","Croatia",16,"Splitsko-Dalmatinska",419,"Trogir","Town",NA,NA,NA
420,58,"HRV","Croatia",16,"Splitsko-Dalmatinska",420,"Tucepi",NA,NA,NA,NA
421,58,"HRV","Croatia",16,"Splitsko-Dalmatinska",421,"Vis","Town",NA,NA,NA
422,58,"HRV","Croatia",16,"Splitsko-Dalmatinska",422,"Vrgorac","Town",NA,NA,NA
423,58,"HRV","Croatia",16,"Splitsko-Dalmatinska",423,"Vrlika","Town",NA,NA,NA
424,58,"HRV","Croatia",16,"Splitsko-Dalmatinska",424,"Zadvarje",NA,NA,NA,NA
425,58,"HRV","Croatia",16,"Splitsko-Dalmatinska",425,"Zagvozd",NA,NA,NA,NA
426,58,"HRV","Croatia",16,"Splitsko-Dalmatinska",426,"Zmijavci",NA,NA,NA,NA
427,58,"HRV","Croatia",17,"Varaždinska",427,"Bednja",NA,NA,NA,NA
428,58,"HRV","Croatia",17,"Varaždinska",428,"Beretinec",NA,NA,NA,NA
429,58,"HRV","Croatia",17,"Varaždinska",429,"Breznicki Hum",NA,NA,NA,NA
430,58,"HRV","Croatia",17,"Varaždinska",430,"Breznica",NA,NA,NA,NA
431,58,"HRV","Croatia",17,"Varaždinska",431,"Cestica",NA,NA,NA,NA
432,58,"HRV","Croatia",17,"Varaždinska",432,"Donja Voca",NA,NA,NA,NA
433,58,"HRV","Croatia",17,"Varaždinska",433,"Donji Martijanec",NA,NA,NA,NA
434,58,"HRV","Croatia",17,"Varaždinska",434,"Gornji Kneginec",NA,NA,NA,NA
435,58,"HRV","Croatia",17,"Varaždinska",435,"Ivanec","Town",NA,NA,NA
436,58,"HRV","Croatia",17,"Varaždinska",436,"Jalžabet",NA,NA,NA,NA
437,58,"HRV","Croatia",17,"Varaždinska",437,"Klenovnik",NA,NA,NA,NA
438,58,"HRV","Croatia",17,"Varaždinska",438,"Lepoglava","Town",NA,NA,NA
439,58,"HRV","Croatia",17,"Varaždinska",439,"Ljubešcica",NA,NA,NA,NA
440,58,"HRV","Croatia",17,"Varaždinska",440,"Ludbreg","Town",NA,NA,NA
441,58,"HRV","Croatia",17,"Varaždinska",441,"Mali Bukovec",NA,NA,NA,NA
442,58,"HRV","Croatia",17,"Varaždinska",442,"Maruševec",NA,NA,NA,NA
443,58,"HRV","Croatia",17,"Varaždinska",443,"Novi Marof","Town",NA,NA,NA
444,58,"HRV","Croatia",17,"Varaždinska",444,"Petrijanec",NA,NA,NA,NA
445,58,"HRV","Croatia",17,"Varaždinska",445,"Sracinec",NA,NA,NA,NA
446,58,"HRV","Croatia",17,"Varaždinska",446,"Sveti Ðurd",NA,NA,NA,NA
447,58,"HRV","Croatia",17,"Varaždinska",447,"Sveti Ilija",NA,NA,NA,NA
448,58,"HRV","Croatia",17,"Varaždinska",448,"Trnovec Bartolovecki",NA,NA,NA,NA
449,58,"HRV","Croatia",17,"Varaždinska",449,"Varaždin","City",NA,NA,NA
450,58,"HRV","Croatia",17,"Varaždinska",450,"Varaždinske Toplice","Town",NA,NA,NA
451,58,"HRV","Croatia",17,"Varaždinska",451,"Veliki Bukovec",NA,NA,NA,NA
452,58,"HRV","Croatia",17,"Varaždinska",452,"Vidovec",NA,NA,NA,NA
453,58,"HRV","Croatia",17,"Varaždinska",453,"Vinica",NA,NA,NA,NA
454,58,"HRV","Croatia",17,"Varaždinska",454,"Visoko",NA,NA,NA,NA
455,58,"HRV","Croatia",18,"Viroviticko-Podravska",455,"Špišic Bukovica",NA,NA,NA,NA
456,58,"HRV","Croatia",18,"Viroviticko-Podravska",456,"Cadavica",NA,NA,NA,NA
457,58,"HRV","Croatia",18,"Viroviticko-Podravska",457,"Cacinci",NA,NA,NA,NA
458,58,"HRV","Croatia",18,"Viroviticko-Podravska",458,"Crnac",NA,NA,NA,NA
459,58,"HRV","Croatia",18,"Viroviticko-Podravska",459,"Gradina",NA,NA,NA,NA
460,58,"HRV","Croatia",18,"Viroviticko-Podravska",460,"Lukac",NA,NA,NA,NA
461,58,"HRV","Croatia",18,"Viroviticko-Podravska",461,"Mikleuš",NA,NA,NA,NA
462,58,"HRV","Croatia",18,"Viroviticko-Podravska",462,"Nova Bukovica",NA,NA,NA,NA
463,58,"HRV","Croatia",18,"Viroviticko-Podravska",463,"Orahovica","City",NA,NA,NA
464,58,"HRV","Croatia",18,"Viroviticko-Podravska",464,"Pitomaca",NA,NA,NA,NA
465,58,"HRV","Croatia",18,"Viroviticko-Podravska",465,"Slatina","City",NA,NA,NA
466,58,"HRV","Croatia",18,"Viroviticko-Podravska",466,"Sopje",NA,NA,NA,NA
467,58,"HRV","Croatia",18,"Viroviticko-Podravska",467,"Suhopolje",NA,NA,NA,NA
468,58,"HRV","Croatia",18,"Viroviticko-Podravska",468,"Virovitica","City",NA,NA,NA
469,58,"HRV","Croatia",18,"Viroviticko-Podravska",469,"Vocin",NA,NA,NA,NA
470,58,"HRV","Croatia",18,"Viroviticko-Podravska",470,"Zdenci",NA,NA,NA,NA
471,58,"HRV","Croatia",19,"Vukovarsko-Srijemska",471,"Županja","Town",NA,NA,NA
472,58,"HRV","Croatia",19,"Vukovarsko-Srijemska",472,"Andrijaševci",NA,NA,NA,NA
473,58,"HRV","Croatia",19,"Vukovarsko-Srijemska",473,"Babina Greda",NA,NA,NA,NA
474,58,"HRV","Croatia",19,"Vukovarsko-Srijemska",474,"Bošnjaci",NA,NA,NA,NA
475,58,"HRV","Croatia",19,"Vukovarsko-Srijemska",475,"Bogdanovci",NA,NA,NA,NA
476,58,"HRV","Croatia",19,"Vukovarsko-Srijemska",476,"Borovo",NA,NA,NA,NA
477,58,"HRV","Croatia",19,"Vukovarsko-Srijemska",477,"Cerna",NA,NA,NA,NA
478,58,"HRV","Croatia",19,"Vukovarsko-Srijemska",478,"Drenovci",NA,NA,NA,NA
479,58,"HRV","Croatia",19,"Vukovarsko-Srijemska",479,"Gradište",NA,NA,NA,NA
480,58,"HRV","Croatia",19,"Vukovarsko-Srijemska",480,"Gunja",NA,NA,NA,NA
481,58,"HRV","Croatia",19,"Vukovarsko-Srijemska",481,"Ilok","Town",NA,NA,NA
482,58,"HRV","Croatia",19,"Vukovarsko-Srijemska",482,"Ivankovo",NA,NA,NA,NA
483,58,"HRV","Croatia",19,"Vukovarsko-Srijemska",483,"Jarmina",NA,NA,NA,NA
484,58,"HRV","Croatia",19,"Vukovarsko-Srijemska",484,"Lovas",NA,NA,NA,NA
485,58,"HRV","Croatia",19,"Vukovarsko-Srijemska",485,"Markušica",NA,NA,NA,NA
486,58,"HRV","Croatia",19,"Vukovarsko-Srijemska",486,"Negoslavci",NA,NA,NA,NA
487,58,"HRV","Croatia",19,"Vukovarsko-Srijemska",487,"Nijemci",NA,NA,NA,NA
488,58,"HRV","Croatia",19,"Vukovarsko-Srijemska",488,"Nuštar",NA,NA,NA,NA
489,58,"HRV","Croatia",19,"Vukovarsko-Srijemska",489,"Otok","Town",NA,NA,NA
490,58,"HRV","Croatia",19,"Vukovarsko-Srijemska",490,"Privlaka",NA,NA,NA,NA
491,58,"HRV","Croatia",19,"Vukovarsko-Srijemska",491,"Stari Jankovci",NA,NA,NA,NA
492,58,"HRV","Croatia",19,"Vukovarsko-Srijemska",492,"Stari Mikanovci",NA,NA,NA,NA
493,58,"HRV","Croatia",19,"Vukovarsko-Srijemska",493,"Tompojevci",NA,NA,NA,NA
494,58,"HRV","Croatia",19,"Vukovarsko-Srijemska",494,"Tordinci",NA,NA,NA,NA
495,58,"HRV","Croatia",19,"Vukovarsko-Srijemska",495,"Tovarnik",NA,NA,NA,NA
496,58,"HRV","Croatia",19,"Vukovarsko-Srijemska",496,"Trpinja",NA,NA,NA,NA
497,58,"HRV","Croatia",19,"Vukovarsko-Srijemska",497,"Vinkovci","Town",NA,NA,NA
498,58,"HRV","Croatia",19,"Vukovarsko-Srijemska",498,"Vodinci",NA,NA,NA,NA
499,58,"HRV","Croatia",19,"Vukovarsko-Srijemska",499,"Vrbanja",NA,NA,NA,NA
500,58,"HRV","Croatia",19,"Vukovarsko-Srijemska",500,"Vukovar","Town",NA,NA,NA
501,58,"HRV","Croatia",20,"Zadarska",501,"Škabrnja",NA,NA,NA,NA
502,58,"HRV","Croatia",20,"Zadarska",502,"Benkovac","Town",NA,NA,NA
503,58,"HRV","Croatia",20,"Zadarska",503,"Bibinje",NA,NA,NA,NA
504,58,"HRV","Croatia",20,"Zadarska",504,"Biograd na Moru","Town",NA,NA,NA
505,58,"HRV","Croatia",20,"Zadarska",505,"Galovac",NA,NA,NA,NA
506,58,"HRV","Croatia",20,"Zadarska",506,"Gracac",NA,NA,NA,NA
507,58,"HRV","Croatia",20,"Zadarska",507,"Jasenice",NA,NA,NA,NA
508,58,"HRV","Croatia",20,"Zadarska",508,"Kali",NA,NA,NA,NA
509,58,"HRV","Croatia",20,"Zadarska",509,"Kukljica",NA,NA,NA,NA
510,58,"HRV","Croatia",20,"Zadarska",510,"Lišane Ostrovicke",NA,NA,NA,NA
511,58,"HRV","Croatia",20,"Zadarska",511,"Nin","Town",NA,NA,NA
512,58,"HRV","Croatia",20,"Zadarska",512,"Novigrad",NA,NA,NA,NA
513,58,"HRV","Croatia",20,"Zadarska",513,"Obrovac","Town",NA,NA,NA
514,58,"HRV","Croatia",20,"Zadarska",514,"Pašman",NA,NA,NA,NA
515,58,"HRV","Croatia",20,"Zadarska",515,"Pag","Town",NA,NA,NA
516,58,"HRV","Croatia",20,"Zadarska",516,"Pakoštane",NA,NA,NA,NA
517,58,"HRV","Croatia",20,"Zadarska",517,"Polaca",NA,NA,NA,NA
518,58,"HRV","Croatia",20,"Zadarska",518,"Policnik",NA,NA,NA,NA
519,58,"HRV","Croatia",20,"Zadarska",519,"Posedarje",NA,NA,NA,NA
520,58,"HRV","Croatia",20,"Zadarska",520,"Povljane",NA,NA,NA,NA
521,58,"HRV","Croatia",20,"Zadarska",521,"Preko",NA,NA,NA,NA
522,58,"HRV","Croatia",20,"Zadarska",522,"Privlaka",NA,NA,NA,NA
523,58,"HRV","Croatia",20,"Zadarska",523,"Ražanac",NA,NA,NA,NA
524,58,"HRV","Croatia",20,"Zadarska",524,"Sali",NA,NA,NA,NA
525,58,"HRV","Croatia",20,"Zadarska",525,"Stankovci",NA,NA,NA,NA
526,58,"HRV","Croatia",20,"Zadarska",526,"Starigrad",NA,NA,NA,NA
527,58,"HRV","Croatia",20,"Zadarska",527,"Sukošan",NA,NA,NA,NA
528,58,"HRV","Croatia",20,"Zadarska",528,"Sveti Filip i Jakov",NA,NA,NA,NA
529,58,"HRV","Croatia",20,"Zadarska",529,"Tkon",NA,NA,NA,NA
530,58,"HRV","Croatia",20,"Zadarska",530,"Vir",NA,NA,NA,NA
531,58,"HRV","Croatia",20,"Zadarska",531,"Zadar","City",NA,NA,NA
532,58,"HRV","Croatia",20,"Zadarska",532,"Zemunik Donji",NA,NA,NA,NA
533,58,"HRV","Croatia",21,"Zagrebacka",533,"Žumberak",NA,NA,NA,NA
534,58,"HRV","Croatia",21,"Zagrebacka",534,"Bedenica",NA,NA,NA,NA
535,58,"HRV","Croatia",21,"Zagrebacka",535,"Brckovljani",NA,NA,NA,NA
536,58,"HRV","Croatia",21,"Zagrebacka",536,"Brdovec",NA,NA,NA,NA
537,58,"HRV","Croatia",21,"Zagrebacka",537,"Dubrava",NA,NA,NA,NA
538,58,"HRV","Croatia",21,"Zagrebacka",538,"Dubravica",NA,NA,NA,NA
539,58,"HRV","Croatia",21,"Zagrebacka",539,"Dugo Selo","Town",NA,NA,NA
540,58,"HRV","Croatia",21,"Zagrebacka",540,"Farkaševac",NA,NA,NA,NA
541,58,"HRV","Croatia",21,"Zagrebacka",541,"Gradec",NA,NA,NA,NA
542,58,"HRV","Croatia",21,"Zagrebacka",542,"Ivanic-Grad","Town",NA,NA,NA
543,58,"HRV","Croatia",21,"Zagrebacka",543,"Jakovlje",NA,NA,NA,NA
544,58,"HRV","Croatia",21,"Zagrebacka",544,"Jastrebarsko","Town",NA,NA,NA
545,58,"HRV","Croatia",21,"Zagrebacka",545,"Klinca Sela",NA,NA,NA,NA
546,58,"HRV","Croatia",21,"Zagrebacka",546,"Kloštar Ivanic",NA,NA,NA,NA
547,58,"HRV","Croatia",21,"Zagrebacka",547,"Krašic",NA,NA,NA,NA
548,58,"HRV","Croatia",21,"Zagrebacka",548,"Križ",NA,NA,NA,NA
549,58,"HRV","Croatia",21,"Zagrebacka",549,"Luka",NA,NA,NA,NA
550,58,"HRV","Croatia",21,"Zagrebacka",550,"Marija Gorica",NA,NA,NA,NA
551,58,"HRV","Croatia",21,"Zagrebacka",551,"Pisarovina",NA,NA,NA,NA
552,58,"HRV","Croatia",21,"Zagrebacka",552,"Preseka",NA,NA,NA,NA
553,58,"HRV","Croatia",21,"Zagrebacka",553,"Pušca",NA,NA,NA,NA
554,58,"HRV","Croatia",21,"Zagrebacka",554,"Rakovec",NA,NA,NA,NA
555,58,"HRV","Croatia",21,"Zagrebacka",555,"Rugvica",NA,NA,NA,NA
556,58,"HRV","Croatia",21,"Zagrebacka",556,"Samobor","Town",NA,NA,NA
557,58,"HRV","Croatia",21,"Zagrebacka",557,"Sveta Nedelja","Town",NA,NA,NA
558,58,"HRV","Croatia",21,"Zagrebacka",558,"Sveti Ivan Zelina","Town",NA,NA,NA
559,58,"HRV","Croatia",21,"Zagrebacka",559,"Vrbovec","Town",NA,NA,NA
560,58,"HRV","Croatia",21,"Zagrebacka",560,"Zaprešic","Town",NA,NA,NA
